unit_price,order_value,quantity,country,invoice_date,invoice_time,major_category,minor_category,description
0.85,10.2,12,United Kingdom,2011-07-04,0 days 09:35:00,Clothes,Tops,PACK OF 20 NAPKINS PANTRY DESIGN
2.95,35.4,12,United Kingdom,2011-11-15,0 days 09:26:00,Clothes,Shoes,NATURAL SLATE HEART CHALKBOARD
1.25,20.0,16,United Kingdom,2011-04-27,0 days 10:54:00,Kitchen,Cutlery,36 PENCILS TUBE SKULLS
7.46,7.46,1,United Kingdom,2011-10-31,0 days 13:48:00,Garden,Turf,SET 6 SCHOOL MILK BOTTLES IN CRATE
2.51,2.51,1,United Kingdom,2010-12-17,0 days 14:49:00,Garden,Hoses,FINE WICKER HEART
3.95,3.95,1,United Kingdom,2011-06-12,0 days 12:38:00,Garden,Hoses,SEWING BOX RETROSPOT DESIGN
2.1,12.6,6,United Kingdom,2011-09-26,0 days 13:36:00,Clothes,Hats,3 TRADITIONAl BISCUIT CUTTERS  SET
4.95,29.7,6,United Kingdom,2011-12-05,0 days 12:01:00,Clothes,Tops,BULL DOG BOTTLE OPENER
2.46,44.28,18,United Kingdom,2011-09-20,0 days 12:31:00,Household,Curtains,STRAWBERRY CHARLOTTE BAG
1.69,3.38,2,United Kingdom,2011-01-25,0 days 14:33:00,Household,Lamps,FAIRY SOAP SOAP HOLDER
0.39,1.56,4,United Kingdom,2011-09-15,0 days 14:07:00,Kitchen,Cooking Knives,PACK OF 12 VINTAGE DOILY TISSUES
0.55,0.55,1,United Kingdom,2011-04-18,0 days 14:01:00,Household,Lamps,PACK OF 60 DINOSAUR CAKE CASES
1.25,30.0,24,United Kingdom,2011-12-10,0 days 10:23:00,Household,Chairs,ICE CREAM PEN LIP GLOSS
1.65,16.5,10,United Kingdom,2011-08-04,0 days 08:20:00,Clothes,Shoes,LUNCH BAG CARS BLUE
1.65,1.65,1,United Kingdom,2011-07-13,0 days 13:14:00,Kitchen,Coasters,6 RIBBONS RUSTIC CHARM
4.25,4.25,1,United Kingdom,2010-06-12,0 days 12:41:00,Clothes,Tops,ROSE 3 WICK MORRIS BOX CANDLE
2.1,25.2,12,United Kingdom,2011-08-24,0 days 15:08:00,Kitchen,Scales,HAND WARMER SCOTTY DOG DESIGN
4.25,25.5,6,United Kingdom,2011-05-08,0 days 10:32:00,Household,Rugs,JAM MAKING SET WITH JARS
1.28,1.28,1,United Kingdom,2010-12-17,0 days 16:59:00,Clothes,Shoes,12 PENCILS SMALL TUBE RED RETROSPOT
2.95,2.95,1,United Kingdom,2010-05-12,0 days 11:49:00,Household,Rugs,PAPER CHAIN KIT 50'S CHRISTMAS
1.45,34.8,24,United Kingdom,2011-10-04,0 days 15:09:00,Clothes,Hats,LAUNDRY 15C METAL SIGN
3.29,3.29,1,United Kingdom,2011-08-30,0 days 10:39:00,Clothes,Shoes,PANTRY MAGNETIC  SHOPPING LIST
2.46,2.46,1,United Kingdom,2011-01-17,0 days 17:57:00,Household,Chairs,SUMMER BUTTERFLIES BAG CHARM
4.95,9.9,2,United Kingdom,2011-05-07,0 days 12:15:00,Household,Curtains,SPOTTY BUNTING
1.25,15.0,12,United Kingdom,2011-04-18,0 days 12:16:00,Kitchen,Cooking Knives,PINK BLUE FELT CRAFT TRINKET BOX
2.55,10.2,4,United Kingdom,2011-10-04,0 days 12:53:00,Clothes,Shoes,QUEENS GUARD COFFEE MUG
0.83,0.83,1,United Kingdom,2011-04-18,0 days 13:58:00,Kitchen,Cutlery,TRAVEL CARD WALLET SUKI
7.95,7.95,1,United Kingdom,2011-07-07,0 days 14:03:00,Clothes,Hats,DOORMAT RED RETROSPOT
2.1,12.6,6,United Kingdom,2011-08-03,0 days 09:23:00,Kitchen,Plates,3 PIECE SPACEBOY COOKIE CUTTER SET
0.21,6.3,30,United Kingdom,2011-11-13,0 days 11:46:00,Household,Chairs,SLEEPING CAT ERASERS
2.95,2.95,1,United Kingdom,2011-07-03,0 days 12:17:00,Kitchen,Plates,SET 12 LAVENDER  BOTANICAL T-LIGHTS
1.65,19.8,12,United Kingdom,2011-06-01,0 days 14:07:00,Clothes,Hats,PLASTERS IN TIN VINTAGE PAISLEY
3.29,3.29,1,United Kingdom,2011-04-26,0 days 17:02:00,Garden,Seeds,HOMEMADE JAM SCENTED CANDLES
1.63,9.78,6,United Kingdom,2011-01-19,0 days 15:08:00,Household,Curtains,SCOTTIES CHILDRENS APRON
1.25,25.0,20,United Kingdom,2010-02-12,0 days 14:47:00,Clothes,Hats,3D TRADITIONAL CHRISTMAS STICKERS
2.95,2.95,1,United Kingdom,2011-07-12,0 days 14:43:00,Kitchen,Cutlery,PAPER CHAIN KIT 50'S CHRISTMAS
7.95,15.9,2,United Kingdom,2011-05-04,0 days 12:08:00,Garden,Turf,DOORMAT NEW ENGLAND
1.65,19.8,12,United Kingdom,2011-06-28,0 days 11:44:00,Garden,Hoses,CLOTHES PEGS RETROSPOT PACK 24
4.25,4.25,1,United Kingdom,2011-08-03,0 days 15:45:00,Kitchen,Coasters,AIRLINE BAG VINTAGE TOKYO 78
0.29,6.96,24,United Kingdom,2011-01-02,0 days 11:30:00,Garden,Hoses,JASMINE VOTIVE CANDLE
7.95,15.9,2,United Kingdom,2011-06-28,0 days 11:44:00,Clothes,Tops,ROUND CAKE TIN VINTAGE RED
8.29,8.29,1,United Kingdom,2011-01-20,0 days 18:01:00,Garden,Turf,SET OF 6 SPICE TINS PANTRY DESIGN
1.25,15.0,12,United Kingdom,2011-04-05,0 days 12:32:00,Household,Curtains,SET OF SALT AND PEPPER TOADSTOOLS
2.08,20.8,10,United Kingdom,2011-05-19,0 days 14:27:00,Household,Curtains,JUMBO BAG VINTAGE LEAF
0.83,0.83,1,United Kingdom,2011-09-13,0 days 16:05:00,Kitchen,Coasters,"LETTER ""M"" BLING KEY RING"
1.65,9.9,6,United Kingdom,2011-10-11,0 days 14:16:00,Kitchen,Cutlery,PLASTERS IN TIN WOODLAND ANIMALS
1.45,2.9,2,United Kingdom,2011-10-24,0 days 14:36:00,Household,Lamps,SET OF 36 PAISLEY FLOWER DOILIES
2.95,11.8,4,United Kingdom,2011-01-02,0 days 13:25:00,Household,Lamps,PAPER BUNTING COLOURED LACE
0.55,13.2,24,United Kingdom,2011-03-28,0 days 08:40:00,Garden,Rakes,PACK OF 60 PINK PAISLEY CAKE CASES
2.95,17.7,6,United Kingdom,2011-07-17,0 days 13:46:00,Household,Chairs,NATURAL SLATE HEART CHALKBOARD
5.91,23.64,4,United Kingdom,2010-12-17,0 days 14:54:00,Kitchen,Plates,OFFICE MUG WARMER BLACK+SILVER
4.13,4.13,1,United Kingdom,2011-01-06,0 days 17:33:00,Kitchen,Cutlery,NUMBER TILE COTTAGE GARDEN 1
7.46,7.46,1,United Kingdom,2011-09-12,0 days 10:03:00,Garden,Rakes,FOOD COVER WITH BEADS SET 2
3.95,3.95,1,United Kingdom,2011-09-25,0 days 11:22:00,Garden,Rakes,GLASS APOTHECARY BOTTLE ELIXIR
2.95,70.8,24,United Kingdom,2011-07-03,0 days 12:00:00,Clothes,Hats,PAPER CHAIN KIT EMPIRE
1.95,15.6,8,United Kingdom,2011-07-12,0 days 09:35:00,Kitchen,Plates,GINGHAM HEART  DOORSTOP RED
2.1,25.2,12,United Kingdom,2010-06-12,0 days 14:19:00,Kitchen,Coasters,HAND WARMER BABUSHKA DESIGN
5.79,5.79,1,United Kingdom,2011-09-02,0 days 16:52:00,Kitchen,Scales,PAPER CHAIN KIT RETROSPOT
2.08,8.32,4,United Kingdom,2011-09-21,0 days 15:12:00,Kitchen,Cooking Knives,JUMBO BAG SCANDINAVIAN BLUE PAISLEY
3.75,15.0,4,United Kingdom,2011-06-11,0 days 14:06:00,Garden,Rakes,VINTAGE SNAKES & LADDERS
1.65,3.3,2,United Kingdom,2011-02-13,0 days 15:18:00,Household,Curtains,EASTER TIN CHICKS PINK DAISY
0.85,8.5,10,United Kingdom,2011-03-29,0 days 09:11:00,Clothes,Shoes,CHARLOTTE BAG SUKI DESIGN
4.95,59.4,12,United Kingdom,2011-10-11,0 days 14:16:00,Household,Curtains,HOT WATER BOTTLE KEEP CALM
2.25,2.25,1,United Kingdom,2011-04-27,0 days 11:26:00,Kitchen,Cutlery,ABC TREASURE BOOK BOX
0.83,7.47,9,United Kingdom,2011-11-17,0 days 15:17:00,Kitchen,Scales,WOODEN TREE CHRISTMAS SCANDINAVIAN
0.85,1.7,2,United Kingdom,2010-10-12,0 days 14:59:00,Household,Lamps,CARD PARTY GAMES
8.5,8.5,1,United Kingdom,2011-08-12,0 days 19:29:00,Household,Curtains,IVORY KITCHEN SCALES
2.95,8.85,3,United Kingdom,2010-05-12,0 days 13:00:00,Household,Curtains,IVORY PILLAR CANDLE SILVER FLOCK
8.29,8.29,1,United Kingdom,2011-10-05,0 days 15:07:00,Clothes,Shoes,OWL DOORSTOP
1.65,9.9,6,United Kingdom,2011-03-21,0 days 15:10:00,Kitchen,Scales,CHILDREN'S SPACEBOY MUG
2.08,2.08,1,United Kingdom,2011-06-12,0 days 11:58:00,Clothes,Tops,JUMBO BAG ALPHABET
1.45,17.4,12,United Kingdom,2011-07-29,0 days 09:48:00,Household,Lamps,HOMEMADE JAM SCENTED CANDLES
4.25,12.75,3,United Kingdom,2011-03-28,0 days 09:21:00,Clothes,Tops,BROWN CHECK CAT DOORSTOP
5.79,5.79,1,United Kingdom,2011-11-29,0 days 16:33:00,Garden,Seeds,GLASS JAR DIGESTIVE BISCUITS
2.08,4.16,2,United Kingdom,2011-07-15,0 days 16:06:00,Kitchen,Scales,JUMBO BAG DOILEY PATTERNS
5.79,52.11,9,United Kingdom,2011-02-09,0 days 09:38:00,Garden,Hoses,ROSES REGENCY TEACUP AND SAUCER
1.63,1.63,1,United Kingdom,2011-06-21,0 days 17:08:00,Clothes,Shoes,RETRO MOD TRAY
2.08,20.8,10,United Kingdom,2011-10-05,0 days 11:48:00,Household,Curtains,JUMBO BAG DOLLY GIRL DESIGN
4.25,17.0,4,United Kingdom,2010-02-12,0 days 11:41:00,Clothes,Shoes,RED RETROSPOT PUDDING BOWL
0.85,0.85,1,United Kingdom,2011-10-20,0 days 11:03:00,Clothes,Shoes,PACK OF 20 SPACEBOY NAPKINS
0.42,10.5,25,United Kingdom,2011-04-03,0 days 14:41:00,Household,Rugs,WRAP ENGLISH ROSE
1.65,4.95,3,United Kingdom,2011-01-27,0 days 15:51:00,Household,Rugs,WOOD STAMP SET THANK YOU
3.36,23.52,7,United Kingdom,2010-06-12,0 days 10:08:00,Kitchen,Coasters,CHRISTMAS PUDDING TRINKET POT
2.55,10.2,4,United Kingdom,2011-06-19,0 days 12:23:00,Household,Rugs,PIGGY BANK RETROSPOT
2.89,5.78,2,United Kingdom,2011-09-18,0 days 15:32:00,Kitchen,Plates,STORAGE TIN VINTAGE DOILY
1.25,1.25,1,United Kingdom,2011-11-27,0 days 16:05:00,Clothes,Tops,BLUE HARMONICA IN BOX
2.46,2.46,1,United Kingdom,2011-02-09,0 days 09:34:00,Garden,Turf,HEART FILIGREE DOVE  SMALL
3.29,3.29,1,United Kingdom,2011-06-12,0 days 16:26:00,Garden,Seeds,HEART OF WICKER SMALL
4.13,20.65,5,United Kingdom,2011-04-07,0 days 11:11:00,Garden,Seeds,JUMBO BAG PINK VINTAGE PAISLEY
1.65,6.6,4,United Kingdom,2011-10-06,0 days 15:07:00,Clothes,Shoes,GARDENERS KNEELING PAD CUP OF TEA
0.75,9.0,12,United Kingdom,2011-02-15,0 days 13:52:00,Clothes,Shoes,ASSORTED COLOURS SILK FAN
1.95,1.95,1,United Kingdom,2011-06-12,0 days 13:20:00,Garden,Turf,3 STRIPEY MICE FELTCRAFT
7.95,7.95,1,United Kingdom,2011-02-28,0 days 11:19:00,Garden,Seeds,DOORMAT FANCY FONT HOME SWEET HOME
1.25,1.25,1,United Kingdom,2011-06-12,0 days 12:15:00,Garden,Rakes,CLEAR DRAWER KNOB ACRYLIC EDWARDIAN
2.46,7.38,3,United Kingdom,2011-08-12,0 days 16:30:00,Garden,Turf,HEART FILIGREE DOVE  SMALL
0.62,7.44,12,United Kingdom,2011-10-24,0 days 08:59:00,Household,Rugs,PACK OF 6 LARGE FRUIT STRAWS
4.95,4.95,1,United Kingdom,2011-10-31,0 days 13:05:00,Clothes,Tops,RETROSPOT HEART HOT WATER BOTTLE
2.46,22.14,9,United Kingdom,2011-11-23,0 days 13:39:00,Household,Curtains,TRADITIONAL MODELLING CLAY
4.95,9.9,2,United Kingdom,2011-08-18,0 days 13:01:00,Clothes,Tops,CHOCOLATE HOT WATER BOTTLE
3.75,15.0,4,United Kingdom,2011-09-08,0 days 09:26:00,Garden,Hoses,SET OF 6 SOLDIER SKITTLES
2.1,6.3,3,United Kingdom,2011-10-10,0 days 11:47:00,Household,Rugs,HAND WARMER BIRD DESIGN
7.46,7.46,1,United Kingdom,2011-01-17,0 days 17:44:00,Garden,Turf,GREEN FERN SKETCHBOOK
7.95,15.9,2,United Kingdom,2011-05-26,0 days 12:00:00,Clothes,Tops,SWEETHEART WIRE MAGAZINE RACK
0.29,0.29,1,United Kingdom,2011-11-28,0 days 10:46:00,Kitchen,Plates,SET/4 BIRD MIRROR MAGNETS
1.65,4.95,3,United Kingdom,2011-10-02,0 days 17:54:00,Garden,Rakes,LUNCH BAG DOLLY GIRL DESIGN
0.65,3.9,6,United Kingdom,2011-04-09,0 days 14:08:00,Garden,Turf,BLACK CANDELABRA T-LIGHT HOLDER
0.42,10.5,25,United Kingdom,2011-08-06,0 days 17:09:00,Garden,Rakes,BLUE SCANDINAVIAN PAISLEY WRAP
1.95,5.85,3,United Kingdom,2011-07-26,0 days 10:20:00,Clothes,Shoes,DOLLY GIRL LUNCH BOX
1.25,1.25,1,United Kingdom,2011-11-04,0 days 14:13:00,Clothes,Shoes,GROW A FLYTRAP OR SUNFLOWER IN TIN
2.08,20.8,10,United Kingdom,2011-12-07,0 days 12:07:00,Kitchen,Bowls,JUMBO BAG 50'S CHRISTMAS
3.25,26.0,8,United Kingdom,2010-05-12,0 days 13:05:00,Kitchen,Plates,CREAM CUPID HEARTS COAT HANGER
0.83,0.83,1,United Kingdom,2011-09-23,0 days 17:02:00,Garden,Turf,GOLD MINI TAPE MEASURE
1.63,1.63,1,United Kingdom,2011-10-11,0 days 12:37:00,Garden,Hoses,PORCELAIN ROSE SMALL
4.95,29.7,6,United Kingdom,2011-05-26,0 days 17:15:00,Clothes,Hats,SPOTTY BUNTING
1.25,7.5,6,United Kingdom,2011-04-02,0 days 15:54:00,Garden,Rakes,ROMANTIC PINKS RIBBONS
0.79,9.48,12,United Kingdom,2011-10-11,0 days 12:01:00,Kitchen,Cooking Knives,ASS FLORAL PRINT SPIRIT LEVEL
1.25,3.75,3,United Kingdom,2011-02-09,0 days 14:42:00,Kitchen,Bowls,TRADITIONAL WOODEN CATCH CUP GAME
3.29,3.29,1,United Kingdom,2011-07-10,0 days 15:09:00,Clothes,Shoes,JAM MAKING SET PRINTED
3.75,3.75,1,United Kingdom,2010-12-16,0 days 12:42:00,Kitchen,Coasters,ALARM CLOCK BAKELIKE RED
1.25,3.75,3,United Kingdom,2011-09-11,0 days 17:47:00,Household,Curtains,UNION JACK FLAG LUGGAGE TAG
1.25,15.0,12,United Kingdom,2011-09-11,0 days 15:50:00,Clothes,Tops,POCKET BAG BLUE PAISLEY RED SPOT
1.45,2.9,2,United Kingdom,2011-02-10,0 days 14:25:00,Garden,Turf,PANTRY MAGNETIC  SHOPPING LIST
2.46,4.92,2,United Kingdom,2011-01-14,0 days 14:28:00,Kitchen,Plates,SKULLS WRITING SET
4.95,9.9,2,United Kingdom,2011-10-30,0 days 16:17:00,Household,Rugs,GINGHAM RECIPE BOOK BOX
4.13,4.13,1,United Kingdom,2011-07-11,0 days 12:06:00,Clothes,Shoes,SET OF 5 LUCKY CAT MAGNETS
2.08,24.96,12,United Kingdom,2011-07-12,0 days 12:17:00,Clothes,Hats,BICYCLE PUNCTURE REPAIR KIT
2.46,2.46,1,United Kingdom,2011-02-09,0 days 16:39:00,Clothes,Tops,ROLL WRAP VINTAGE SPOT
0.55,13.2,24,United Kingdom,2011-04-03,0 days 08:43:00,Garden,Seeds,72 SWEETHEART FAIRY CAKE CASES
1.45,34.8,24,United Kingdom,2011-02-08,0 days 12:27:00,Kitchen,Plates,JAM MAKING SET PRINTED
2.95,35.4,12,United Kingdom,2011-08-07,0 days 15:16:00,Clothes,Shoes,NATURAL SLATE HEART CHALKBOARD
0.85,2.55,3,United Kingdom,2011-11-28,0 days 13:06:00,Clothes,Tops,CHRISTMAS RETROSPOT TREE WOOD
1.65,1.65,1,United Kingdom,2011-03-30,0 days 12:02:00,Garden,Seeds,PLASTERS IN TIN CIRCUS PARADE
0.42,10.5,25,United Kingdom,2011-11-01,0 days 09:58:00,Household,Curtains,WRAP SUKI AND FRIENDS
2.95,2.95,1,United Kingdom,2011-03-17,0 days 20:18:00,Clothes,Tops,RECIPE BOX RETROSPOT
4.25,4.25,1,United Kingdom,2011-04-21,0 days 10:51:00,Garden,Turf,BOX OF 6 ASSORTED COLOUR TEASPOONS
2.08,20.8,10,United Kingdom,2011-07-12,0 days 14:52:00,Household,Chairs,JUMBO  BAG BAROQUE BLACK WHITE
1.25,15.0,12,United Kingdom,2011-03-24,0 days 12:52:00,Household,Curtains,HOME SWEET HOME MUG
0.39,9.36,24,United Kingdom,2011-09-19,0 days 14:55:00,Household,Rugs,MOODY GIRL DOOR HANGER
4.13,4.13,1,United Kingdom,2011-04-15,0 days 10:41:00,Household,Curtains,JUMBO SHOPPER VINTAGE RED PAISLEY
4.95,14.85,3,United Kingdom,2011-08-24,0 days 09:46:00,Kitchen,Cutlery,EMPIRE UNION JACK TV DINNER TRAY
2.95,11.8,4,United Kingdom,2011-08-15,0 days 13:09:00,Household,Lamps,PHOTO FRAME CORNICE
0.83,0.83,1,United Kingdom,2011-11-17,0 days 14:29:00,Household,Chairs,TOILET SIGN OCCUPIED OR VACANT
1.25,7.5,6,United Kingdom,2011-01-17,0 days 12:31:00,Clothes,Tops,RETRO COFFEE MUGS ASSORTED
0.79,3.16,4,United Kingdom,2011-06-12,0 days 10:58:00,Household,Lamps,SET OF 4 NAPKIN CHARMS CROWNS
1.65,19.8,12,United Kingdom,2011-10-08,0 days 10:09:00,Kitchen,Scales,HEART FILIGREE DOVE LARGE
0.83,1.66,2,United Kingdom,2011-07-07,0 days 16:30:00,Household,Lamps,SCOTTIE DOGS BABY BIB
2.49,4.98,2,United Kingdom,2011-11-22,0 days 16:02:00,Household,Curtains,BOX OF 6 MINI VINTAGE CRACKERS
5.95,17.85,3,United Kingdom,2011-06-14,0 days 12:00:00,Garden,Seeds,BLACK/BLUE POLKADOT UMBRELLA
4.95,39.6,8,United Kingdom,2011-06-20,0 days 13:41:00,Kitchen,Plates,PARTY BUNTING
1.66,6.64,4,United Kingdom,2010-12-21,0 days 15:19:00,Household,Lamps,SMALL HEART MEASURING SPOONS
7.46,29.84,4,United Kingdom,2011-07-12,0 days 10:35:00,Clothes,Shoes,SET 6 SCHOOL MILK BOTTLES IN CRATE
3.29,3.29,1,United Kingdom,2011-11-29,0 days 16:33:00,Garden,Seeds,CERAMIC CHERRY CAKE MONEY BANK
0.42,0.84,2,United Kingdom,2011-08-11,0 days 18:29:00,Clothes,Shoes,CARD SUKI BIRTHDAY
0.55,1.1,2,United Kingdom,2011-01-11,0 days 12:48:00,Household,Curtains,SET OF 60 I LOVE LONDON CAKE CASES
4.95,4.95,1,United Kingdom,2010-01-12,0 days 11:45:00,Kitchen,Scales,CHOCOLATE HOT WATER BOTTLE
1.25,2.5,2,United Kingdom,2011-02-10,0 days 13:26:00,Garden,Turf,MODERN FLORAL STATIONERY SET
1.65,16.5,10,United Kingdom,2011-03-28,0 days 15:03:00,Household,Lamps,LUNCH BAG PINK POLKADOT
4.25,8.5,2,United Kingdom,2011-06-19,0 days 15:36:00,Kitchen,Plates,SET3 BOOK BOX GREEN GINGHAM FLOWER
1.63,1.63,1,United Kingdom,2011-03-05,0 days 16:06:00,Household,Curtains,VINTAGE SNAP CARDS
2.46,2.46,1,United Kingdom,2011-06-20,0 days 15:32:00,Household,Rugs,CIRCUS PARADE CHILDRENS EGG CUP
1.45,1.45,1,United Kingdom,2011-11-27,0 days 12:52:00,Clothes,Shoes,SKETCHBOOK MAGNETIC SHOPPING LIST
0.85,10.2,12,United Kingdom,2011-09-03,0 days 12:04:00,Clothes,Shoes,EASTER DECORATION SITTING BUNNY
7.95,31.8,4,United Kingdom,2011-08-11,0 days 13:10:00,Kitchen,Scales,15CM CHRISTMAS GLASS BALL 20 LIGHTS
4.13,4.13,1,United Kingdom,2011-11-17,0 days 15:17:00,Clothes,Tops,RED GINGHAM ROSE JEWELLERY BOX
1.25,1.25,1,United Kingdom,2011-06-10,0 days 11:42:00,Clothes,Tops,CHOCOLATE BOX RIBBONS
1.45,1.45,1,United Kingdom,2011-11-28,0 days 11:39:00,Garden,Seeds,VINTAGE LEAF MAGNETIC NOTEPAD
4.95,4.95,1,United Kingdom,2011-07-14,0 days 12:29:00,Kitchen,Bowls,APRON APPLE DELIGHT
0.85,10.2,12,United Kingdom,2011-06-28,0 days 15:44:00,Garden,Turf,SANDALWOOD FAN
0.85,5.95,7,United Kingdom,2011-11-23,0 days 12:45:00,Kitchen,Bowls,SET OF 6 3D KIT CARDS FOR KIDS
2.55,15.3,6,United Kingdom,2011-11-24,0 days 14:42:00,Kitchen,Plates,GLITTER BUTTERFLY CLIPS
1.65,16.5,10,United Kingdom,2011-10-17,0 days 15:18:00,Garden,Seeds,RIBBON REEL FLORA + FAUNA
4.95,44.55,9,United Kingdom,2011-10-14,0 days 09:21:00,Kitchen,Cooking Knives,CHOCOLATE HOT WATER BOTTLE
4.95,29.7,6,United Kingdom,2011-01-14,0 days 13:42:00,Clothes,Hats,CHOCOLATE HOT WATER BOTTLE
3.75,15.0,4,United Kingdom,2011-09-13,0 days 12:13:00,Kitchen,Scales,FELTCRAFT PRINCESS OLIVIA DOLL
1.25,25.0,20,United Kingdom,2011-02-11,0 days 09:31:00,Garden,Hoses,RED SPOT GIFT BAG LARGE
0.79,15.8,20,United Kingdom,2011-11-23,0 days 13:27:00,Household,Chairs,3 RAFFIA RIBBONS VINTAGE CHRISTMAS
0.38,1.52,4,United Kingdom,2011-11-09,0 days 14:09:00,Household,Lamps,FOLK ART METAL HEART T-LIGHT HOLDER
1.65,19.8,12,United Kingdom,2011-11-22,0 days 13:41:00,Household,Curtains,CANDLE HOLDER SILVER MADELINE
1.65,3.3,2,United Kingdom,2011-07-04,0 days 11:40:00,Garden,Rakes,PLASTERS IN TIN SPACEBOY
0.55,1.65,3,United Kingdom,2011-07-21,0 days 11:23:00,Clothes,Shoes,SET OF 60 I LOVE LONDON CAKE CASES
0.42,0.84,2,United Kingdom,2011-11-20,0 days 12:36:00,Kitchen,Cutlery,SET 12 RETRO WHITE CHALK STICKS
2.08,20.8,10,United Kingdom,2011-09-28,0 days 10:39:00,Clothes,Hats,JUMBO STORAGE BAG SKULLS
2.95,17.7,6,United Kingdom,2011-06-16,0 days 09:17:00,Kitchen,Bowls,RED RETROSPOT MUG
1.63,4.89,3,United Kingdom,2011-09-21,0 days 15:29:00,Clothes,Shoes,CHARLOTTE BAG APPLES DESIGN
2.51,2.51,1,United Kingdom,2011-11-01,0 days 13:16:00,Garden,Turf,4 VANILLA BOTANICAL CANDLES
2.08,4.16,2,United Kingdom,2011-07-25,0 days 13:57:00,Household,Rugs,SET OF 5 PANCAKE DAY MAGNETS
2.55,2.55,1,United Kingdom,2010-12-14,0 days 13:33:00,Household,Curtains,GUMBALL COAT RACK
9.95,9.95,1,United Kingdom,2011-08-17,0 days 15:53:00,Kitchen,Cutlery,CAKES AND BOWS GIFT  TAPE
1.65,19.8,12,United Kingdom,2011-09-28,0 days 15:07:00,Clothes,Tops,HAND WARMER OWL DESIGN
2.55,81.6,32,United Kingdom,2011-11-30,0 days 08:23:00,Garden,Hoses,EGG CUP HENRIETTA HEN CREAM
8.29,8.29,1,United Kingdom,2011-11-14,0 days 15:22:00,Garden,Hoses,CHARLOTTE BAG VINTAGE ALPHABET
5.79,34.74,6,United Kingdom,2011-09-02,0 days 12:46:00,Garden,Seeds,HAND WARMER OWL DESIGN
1.45,1.45,1,United Kingdom,2011-05-25,0 days 11:12:00,Clothes,Shoes,CHILDS BREAKFAST SET CIRCUS PARADE
2.08,4.16,2,United Kingdom,2011-08-05,0 days 15:22:00,Household,Lamps,MINI PAINT SET VINTAGE
3.75,22.5,6,United Kingdom,2011-08-12,0 days 16:10:00,Kitchen,Bowls,ASSORTED COLOUR MINI CASES
1.69,13.52,8,United Kingdom,2011-04-21,0 days 12:12:00,Household,Rugs,RETROSPOT TEA SET CERAMIC 11 PC
1.25,2.5,2,United Kingdom,2011-05-17,0 days 13:35:00,Clothes,Shoes,WRAP DOILEY DESIGN
3.75,11.25,3,United Kingdom,2011-11-24,0 days 12:11:00,Kitchen,Plates,MAGNETS PACK OF 4 HOME SWEET HOME
0.42,0.84,2,United Kingdom,2011-02-14,0 days 09:41:00,Garden,Turf,LUNCH BOX WITH CUTLERY RETROSPOT
4.96,9.92,2,United Kingdom,2011-11-30,0 days 14:11:00,Clothes,Tops,ASSORTED COLOURS SILK FAN
4.24,4.24,1,United Kingdom,2010-09-12,0 days 14:09:00,Garden,Hoses,SET/6 RED SPOTTY PAPER PLATES
1.65,19.8,12,United Kingdom,2011-10-14,0 days 12:25:00,Clothes,Shoes,METAL DECORATION NAUGHTY CHILDREN
2.1,2.1,1,United Kingdom,2011-11-29,0 days 14:20:00,Household,Chairs,PLASTERS IN TIN STRONGMAN
4.96,19.84,4,United Kingdom,2011-05-31,0 days 14:58:00,Household,Rugs,LUNCH BAG DOILEY PATTERN
3.75,22.5,6,United Kingdom,2011-05-24,0 days 10:33:00,Garden,Turf,DOORMAT WELCOME TO OUR HOME
7.95,15.9,2,United Kingdom,2011-01-30,0 days 12:09:00,Garden,Hoses,WRAP VINTAGE PETALS  DESIGN
0.85,8.5,10,United Kingdom,2011-10-03,0 days 12:50:00,Garden,Turf,WOODLAND CHARLOTTE BAG
1.65,39.6,24,United Kingdom,2011-11-16,0 days 09:28:00,Household,Chairs,POSTAGE
1.25,12.5,10,United Kingdom,2011-07-26,0 days 10:20:00,Household,Rugs,GREEN REGENCY TEACUP AND SAUCER
4.95,4.95,1,United Kingdom,2011-09-01,0 days 14:21:00,Kitchen,Scales,WRAP GREEN PEARS
0.85,1.7,2,United Kingdom,2011-07-10,0 days 11:32:00,Household,Lamps,SPACEBOY ROCKET LOLLY MAKERS
2.95,2.95,1,United Kingdom,2011-11-22,0 days 12:07:00,Kitchen,Plates,WRAP DOLLY GIRL
6.63,79.56,12,United Kingdom,2011-11-23,0 days 13:39:00,Garden,Hoses,SET OF 6 HERB TINS SKETCHBOOK
1.65,19.8,12,United Kingdom,2011-10-11,0 days 10:45:00,Kitchen,Cutlery,200 RED + WHITE BENDY STRAWS
0.42,1.68,4,United Kingdom,2011-02-06,0 days 11:13:00,Household,Curtains,ENAMEL WATERING CAN CREAM
1.45,1.45,1,United Kingdom,2011-09-10,0 days 10:48:00,Clothes,Hats,PINK HAPPY BIRTHDAY BUNTING
1.25,1.25,1,United Kingdom,2011-08-17,0 days 17:01:00,Clothes,Tops,PACK OF 6 SKULL PAPER PLATES
5.95,35.7,6,United Kingdom,2011-06-06,0 days 11:37:00,Garden,Seeds,HEART OF WICKER SMALL
1.66,3.32,2,United Kingdom,2010-12-20,0 days 10:14:00,Clothes,Tops,DOORMAT WELCOME TO OUR HOME
8.25,16.5,2,United Kingdom,2011-11-29,0 days 10:01:00,Kitchen,Cutlery,JUMBO BAG PINK VINTAGE PAISLEY
2.95,2.95,1,United Kingdom,2011-06-15,0 days 12:36:00,Garden,Hoses,3D CHRISTMAS STAMPS STICKERS
2.08,20.8,10,United Kingdom,2011-05-26,0 days 13:34:00,Household,Curtains,TREASURE TIN BUFFALO BILL
4.96,4.96,1,United Kingdom,2011-01-06,0 days 17:28:00,Household,Lamps,BLUE SPOT CERAMIC DRAWER KNOB
1.25,25.0,20,United Kingdom,2011-05-16,0 days 12:20:00,Kitchen,Cutlery,CHILDRENS APRON APPLES DESIGN
1.66,1.66,1,United Kingdom,2011-05-01,0 days 16:50:00,Clothes,Shoes,DOORMAT AIRMAIL
2.95,2.95,1,United Kingdom,2011-02-10,0 days 14:56:00,Garden,Seeds,DOLLY GIRL MINI BACKPACK
3.75,15.0,4,United Kingdom,2011-08-26,0 days 14:45:00,Garden,Turf,HEART WREATH DECORATION WITH BELL
2.95,35.4,12,United Kingdom,2011-02-14,0 days 14:14:00,Kitchen,Plates,APRON APPLE DELIGHT
0.29,1.45,5,United Kingdom,2011-11-27,0 days 16:27:00,Kitchen,Plates,STRAWBERRY LUNCH BOX WITH CUTLERY
4.13,16.52,4,United Kingdom,2011-03-22,0 days 16:55:00,Garden,Turf,TRADITIONAL KNITTING NANCY
5.75,23.0,4,United Kingdom,2011-08-24,0 days 14:57:00,Clothes,Shoes,JUMBO BAG VINTAGE DOILY
9.95,39.8,4,United Kingdom,2011-09-06,0 days 11:49:00,Clothes,Hats,RAIN PONCHO RETROSPOT
0.29,1.74,6,United Kingdom,2011-11-09,0 days 15:50:00,Household,Curtains,LARGE CHINESE STYLE SCISSOR
2.95,35.4,12,United Kingdom,2011-09-19,0 days 13:20:00,Kitchen,Scales,PINK AND WHITE CHRISTMAS TREE 120CM
5.79,5.79,1,United Kingdom,2011-02-24,0 days 18:07:00,Garden,Rakes,FAIRY CAKE BIRTHDAY CANDLE SET
1.65,13.2,8,United Kingdom,2010-09-12,0 days 14:56:00,Garden,Rakes,MINI LIGHTS WOODLAND MUSHROOMS
4.25,4.25,1,United Kingdom,2011-03-23,0 days 13:59:00,Kitchen,Plates,PACK 3 BOXES BIRD PANNETONE
1.45,34.8,24,United Kingdom,2011-07-29,0 days 10:00:00,Garden,Turf,REGENCY CAKESTAND 3 TIER
2.55,7.65,3,United Kingdom,2011-08-09,0 days 11:56:00,Clothes,Tops,REGENCY CAKESTAND 3 TIER
1.63,1.63,1,United Kingdom,2011-10-08,0 days 16:51:00,Kitchen,Bowls,MULTICOLOUR HONEYCOMB FAN
4.13,4.13,1,United Kingdom,2011-04-26,0 days 09:50:00,Garden,Hoses,RED RETROSPOT CAKE STAND
3.95,15.8,4,United Kingdom,2011-01-02,0 days 12:27:00,Kitchen,Cooking Knives,PACK OF 12 WOODLAND TISSUES
3.29,6.58,2,United Kingdom,2011-02-09,0 days 09:30:00,Kitchen,Scales,PACK OF 6 PANNETONE GIFT BOXES
0.39,1.17,3,United Kingdom,2011-11-23,0 days 13:27:00,Clothes,Tops,SET/6 RED SPOTTY PAPER CUPS
0.29,6.38,22,United Kingdom,2011-11-16,0 days 15:51:00,Kitchen,Scales,RED BABY BUNTING
0.55,0.55,1,United Kingdom,2011-08-11,0 days 14:22:00,Household,Lamps,COFFEE MUG PEARS  DESIGN
0.83,5.81,7,United Kingdom,2011-08-12,0 days 09:28:00,Household,Lamps,HOLIDAY FUN LUDO
2.1,14.7,7,United Kingdom,2011-06-12,0 days 17:18:00,Clothes,Hats,TRADITIONAL PICK UP STICKS GAME
1.25,15.0,12,United Kingdom,2011-09-22,0 days 12:55:00,Garden,Seeds,SET OF 60 I LOVE LONDON CAKE CASES
1.25,30.0,24,United Kingdom,2011-01-05,0 days 14:59:00,Kitchen,Cooking Knives,WOODEN TREE CHRISTMAS SCANDINAVIAN
5.06,10.12,2,United Kingdom,2010-07-12,0 days 15:31:00,Clothes,Hats,BREAD BIN DINER STYLE PINK
2.1,12.6,6,United Kingdom,2011-09-06,0 days 10:20:00,Kitchen,Scales,SET 2 PANTRY DESIGN TEA TOWELS
2.08,20.8,10,United Kingdom,2011-11-17,0 days 11:45:00,Clothes,Tops,SPACEBOY TV DINNER TRAY
0.19,0.38,2,United Kingdom,2011-11-09,0 days 14:09:00,Clothes,Tops,EMBROIDERED RIBBON REEL DAISY
2.95,17.7,6,United Kingdom,2010-01-12,0 days 12:03:00,Garden,Rakes,KIDS RAIN MAC BLUE
2.25,2.25,1,United Kingdom,2011-05-08,0 days 16:19:00,Clothes,Shoes,POSTAGE
8.29,8.29,1,United Kingdom,2011-01-21,0 days 15:00:00,Clothes,Shoes,WHITE SPOT RED CERAMIC DRAWER KNOB
4.96,69.44,14,United Kingdom,2011-03-05,0 days 09:44:00,Household,Chairs,CHILDS BREAKFAST SET DOLLY GIRL
5.79,11.58,2,United Kingdom,2011-03-05,0 days 16:06:00,Kitchen,Bowls,LUNCH BAG WOODLAND
2.51,2.51,1,United Kingdom,2011-07-01,0 days 13:55:00,Garden,Rakes,LUNCH BAG APPLE DESIGN
4.95,4.95,1,United Kingdom,2010-10-12,0 days 11:02:00,Garden,Seeds,PLASTERS IN TIN STRONGMAN
1.25,1.25,1,United Kingdom,2011-11-29,0 days 15:09:00,Kitchen,Coasters,LIGHT GARLAND BUTTERFILES PINK
1.25,7.5,6,United Kingdom,2010-12-13,0 days 17:40:00,Kitchen,Coasters,CLOTHES PEGS RETROSPOT PACK 24
1.65,19.8,12,United Kingdom,2011-11-18,0 days 17:11:00,Kitchen,Coasters,SET/6 RED SPOTTY PAPER PLATES
0.85,2.55,3,United Kingdom,2011-11-03,0 days 11:37:00,Household,Chairs,CHILDS BREAKFAST SET SPACEBOY
0.42,5.04,12,United Kingdom,2011-11-14,0 days 14:24:00,Household,Lamps,ROLL WRAP VINTAGE CHRISTMAS
5.95,11.9,2,United Kingdom,2011-03-06,0 days 08:54:00,Kitchen,Cooking Knives,RETROSPOT HEART HOT WATER BOTTLE
4.95,4.95,1,United Kingdom,2011-05-04,0 days 15:00:00,Garden,Turf,SET OF 72 RETROSPOT PAPER  DOILIES
0.42,10.08,24,United Kingdom,2011-09-30,0 days 12:35:00,Household,Chairs,JAM MAKING SET PRINTED
4.15,4.15,1,United Kingdom,2011-09-23,0 days 12:38:00,Household,Lamps,SET OF 5 PANCAKE DAY MAGNETS
0.55,13.2,24,United Kingdom,2011-01-25,0 days 12:35:00,Garden,Hoses,CLOTHES PEGS RETROSPOT PACK 24
0.85,3.4,4,United Kingdom,2011-10-16,0 days 13:51:00,Clothes,Shoes,RED RETROSPOT CAKE STAND
0.39,9.36,24,United Kingdom,2011-10-17,0 days 14:01:00,Clothes,Hats,RED KUKUI COCONUT SEED NECKLACE
4.95,39.6,8,United Kingdom,2011-06-17,0 days 11:38:00,Kitchen,Bowls,POSTAGE
0.42,5.04,12,United Kingdom,2011-11-16,0 days 12:25:00,Garden,Turf,HOME SWEET HOME METAL SIGN
1.25,7.5,6,United Kingdom,2011-04-17,0 days 13:05:00,Clothes,Shoes,METAL 4 HOOK HANGER FRENCH CHATEAU
1.25,3.75,3,United Kingdom,2011-11-11,0 days 15:08:00,Garden,Seeds,GIFT BAG PSYCHEDELIC APPLES
2.95,17.7,6,United Kingdom,2011-07-02,0 days 09:48:00,Household,Lamps,ASS FLORAL PRINT MULTI SCREWDRIVER
0.83,1.66,2,United Kingdom,2011-06-13,0 days 15:30:00,Garden,Rakes,ZINC WILLIE WINKIE  CANDLE STICK
0.65,7.8,12,Germany,2011-01-31,0 days 09:05:00,Garden,Hoses,PACK OF 72 RETROSPOT CAKE CASES
2.1,25.2,12,Germany,2011-10-21,0 days 15:20:00,Clothes,Hats,HEART WOODEN CHRISTMAS DECORATION
1.25,15.0,12,Germany,2011-11-22,0 days 13:27:00,Kitchen,Plates,SET/10 PINK POLKADOT PARTY CANDLES
0.85,8.5,10,Germany,2011-05-06,0 days 13:45:00,Household,Lamps,STOOL HOME SWEET HOME
2.1,50.4,24,Germany,2011-04-12,0 days 13:54:00,Household,Rugs,MAGIC DRAWING SLATE DOLLY GIRL
8.5,34.0,4,Germany,2011-04-19,0 days 13:39:00,Household,Chairs,LUNCH BAG WOODLAND
7.95,15.9,2,Germany,2011-10-17,0 days 09:37:00,Kitchen,Cutlery,SET/6 COLLAGE PAPER CUPS
4.95,14.85,3,Germany,2011-02-08,0 days 09:29:00,Garden,Rakes,LUNCH BOX WITH CUTLERY RETROSPOT
0.42,10.5,25,Germany,2011-07-19,0 days 14:04:00,Clothes,Tops,SET OF SALT AND PEPPER TOADSTOOLS
0.39,4.68,12,Germany,2011-10-19,0 days 08:20:00,Household,Curtains,EDWARDIAN PARASOL BLACK
0.85,10.2,12,Germany,2011-07-01,0 days 10:04:00,Clothes,Hats,PAPER CHAIN KIT 50'S CHRISTMAS
0.85,20.4,24,Germany,2010-12-23,0 days 12:58:00,Kitchen,Scales,MAGNETS PACK OF 4 HOME SWEET HOME
1.65,19.8,12,Germany,2011-08-30,0 days 08:15:00,Garden,Rakes,LONDON BUS COFFEE MUG
1.65,33.0,20,Germany,2011-06-13,0 days 10:52:00,Garden,Rakes,SET OF 6 T-LIGHTS CACTI
5.95,35.7,6,Germany,2011-11-22,0 days 13:27:00,Garden,Seeds,ROMANTIC IMAGES GIFT WRAP SET
7.95,15.9,2,Germany,2011-04-07,0 days 14:36:00,Kitchen,Cutlery,PLASTERS IN TIN SPACEBOY
0.42,10.5,25,Germany,2011-03-28,0 days 13:57:00,Garden,Rakes,LUNCH BAG PAISLEY PARK
0.85,17.0,20,Germany,2011-11-16,0 days 13:54:00,Kitchen,Plates,WOODEN SKITTLES GARDEN SET
2.95,17.7,6,Germany,2011-08-31,0 days 15:30:00,Household,Curtains,SET OF 6 SNACK LOAF BAKING CASES
0.42,10.5,25,Germany,2011-08-23,0 days 11:47:00,Household,Lamps,FELTCRAFT CUSHION OWL
2.08,37.44,18,Germany,2011-11-29,0 days 13:00:00,Household,Chairs,PINK PARTY BAGS
0.42,10.5,25,Germany,2011-11-11,0 days 11:18:00,Garden,Rakes,SET/10 RED POLKADOT PARTY CANDLES
1.25,15.0,12,Germany,2011-07-12,0 days 08:03:00,Garden,Hoses,SET 2 TEA TOWELS I LOVE LONDON
4.95,19.8,4,Germany,2011-06-13,0 days 14:13:00,Household,Chairs,CHILDRENS APRON SPACEBOY DESIGN
5.45,16.35,3,Germany,2011-04-09,0 days 12:00:00,Clothes,Tops,RED ROCKING HORSE HAND PAINTED
0.85,10.2,12,Germany,2011-07-01,0 days 12:28:00,Clothes,Shoes,CHARLIE & LOLA WASTEPAPER BIN FLORA
1.65,19.8,12,Germany,2011-01-08,0 days 10:26:00,Household,Chairs,POSTAGE
7.95,15.9,2,Germany,2011-10-02,0 days 11:39:00,Clothes,Hats,WRAP DOILEY DESIGN
2.08,20.8,10,Germany,2011-07-04,0 days 10:24:00,Garden,Rakes,SET OF 12 FAIRY CAKE BAKING CASES
1.25,22.5,18,Germany,2011-11-21,0 days 10:22:00,Household,Lamps,JAM JAR WITH PINK LID
2.08,12.48,6,Germany,2011-06-13,0 days 10:33:00,Clothes,Hats,RED TOADSTOOL LED NIGHT LIGHT
1.45,17.4,12,Germany,2011-09-23,0 days 12:55:00,Clothes,Hats,RETROSPOT TEA SET CERAMIC 11 PC
1.95,15.6,8,Germany,2010-05-12,0 days 14:19:00,Kitchen,Cutlery,WHITE ROCKING HORSE HAND PAINTED
7.95,15.9,2,Germany,2011-10-01,0 days 09:48:00,Household,Curtains,SET OF 3 REGENCY CAKE TINS
4.15,16.6,4,Germany,2011-10-13,0 days 14:59:00,Kitchen,Cutlery,STRAWBERRY CHARLOTTE BAG
1.25,15.0,12,Germany,2011-07-20,0 days 10:51:00,Garden,Rakes,SOLDIERS EGG CUP
4.95,19.8,4,Germany,2011-05-27,0 days 10:29:00,Clothes,Hats,QUEENS GUARD COFFEE MUG
2.55,15.3,6,Germany,2011-06-09,0 days 14:19:00,Kitchen,Cooking Knives,SET/20 RED RETROSPOT PAPER NAPKINS
2.95,17.7,6,Germany,2011-07-01,0 days 12:28:00,Household,Curtains,BLUE POLKADOT WRAP
1.65,19.8,12,Germany,2011-10-18,0 days 12:48:00,Garden,Hoses,CHILDRENS APRON APPLES DESIGN
2.08,20.8,10,Germany,2011-11-16,0 days 13:54:00,Clothes,Tops,12 PENCILS SMALL TUBE SKULL
0.85,20.4,24,Germany,2011-01-24,0 days 13:27:00,Kitchen,Cutlery,BLUE ROSE FABRIC MIRROR
0.85,8.5,10,Germany,2011-10-06,0 days 15:28:00,Kitchen,Plates,RIBBON REEL LACE DESIGN
2.95,17.7,6,Germany,2011-09-21,0 days 15:23:00,Garden,Seeds,CHILDRENS APRON APPLES DESIGN
3.75,30.0,8,Germany,2011-01-31,0 days 13:27:00,Garden,Turf,RABBIT NIGHT LIGHT
3.75,15.0,4,Germany,2011-11-16,0 days 17:25:00,Household,Lamps,SPACEBOY MINI BACKPACK
1.95,23.4,12,Germany,2011-01-06,0 days 10:15:00,Household,Curtains,POSTAGE
0.39,4.68,12,Germany,2011-08-12,0 days 11:25:00,Household,Rugs,PINK BABY BUNTING
0.29,6.96,24,Germany,2011-04-09,0 days 12:00:00,Kitchen,Coasters,PINK FAIRY CAKE CHILDRENS APRON
2.55,15.3,6,Germany,2011-01-06,0 days 10:15:00,Garden,Seeds,PACK OF 60 MUSHROOM CAKE CASES
1.45,17.4,12,Germany,2011-02-06,0 days 09:04:00,Clothes,Hats,WOODLAND PARTY BAG + STICKER SET
0.65,7.8,12,Germany,2011-08-04,0 days 09:54:00,Kitchen,Scales,POSTAGE
2.95,14.75,5,Germany,2011-07-20,0 days 14:38:00,Garden,Turf,PANTRY MAGNETIC  SHOPPING LIST
2.55,30.6,12,Germany,2011-02-21,0 days 13:40:00,Household,Chairs,COFFEE MUG CAT + BIRD DESIGN
3.75,15.0,4,Germany,2011-03-16,0 days 13:58:00,Kitchen,Cooking Knives,MINI JIGSAW SPACEBOY
4.95,44.55,9,Germany,2011-09-26,0 days 15:35:00,Clothes,Shoes,LUNCH BAG SPACEBOY DESIGN
2.95,17.7,6,Germany,2011-11-24,0 days 13:17:00,Garden,Hoses,SET OF 3 REGENCY CAKE TINS
1.25,15.0,12,Germany,2011-08-12,0 days 11:25:00,Garden,Rakes,12 PENCILS SMALL TUBE SKULL
0.55,13.2,24,Germany,2011-09-23,0 days 09:00:00,Clothes,Hats,RETROSPOT PARTY BAG + STICKER SET
0.85,20.4,24,Germany,2010-05-12,0 days 14:19:00,Household,Chairs,SET/20 RED RETROSPOT PAPER NAPKINS
4.95,14.85,3,Germany,2011-09-28,0 days 13:30:00,Clothes,Tops,RED TOADSTOOL LED NIGHT LIGHT
3.25,19.5,6,Germany,2011-09-28,0 days 13:30:00,Clothes,Hats,CREAM FELT EASTER EGG BASKET
4.95,14.85,3,Germany,2011-07-03,0 days 10:22:00,Garden,Hoses,TREASURE TIN GYMKHANA DESIGN
2.08,12.48,6,Germany,2011-10-28,0 days 14:27:00,Household,Rugs,PLASTERS IN TIN STRONGMAN
0.85,20.4,24,Germany,2011-01-25,0 days 15:13:00,Garden,Rakes,WRAP RED VINTAGE DOILY
1.25,15.0,12,Germany,2011-08-31,0 days 09:11:00,Garden,Rakes,REGENCY SUGAR BOWL GREEN
9.95,19.9,2,Germany,2011-07-01,0 days 12:28:00,Clothes,Tops,SET/6 RED SPOTTY PAPER CUPS
1.65,16.5,10,Germany,2011-09-22,0 days 16:34:00,Clothes,Tops,GROW YOUR OWN PLANT IN A CAN
1.65,16.5,10,Germany,2011-08-22,0 days 15:55:00,Clothes,Hats,CARD DOLLY GIRL
1.65,39.6,24,Germany,2011-01-27,0 days 13:08:00,Clothes,Hats,PINK POLKADOT BOWL
4.25,17.0,4,Germany,2011-10-20,0 days 12:53:00,Clothes,Tops,SPOTTY BUNTING
1.65,19.8,12,Germany,2011-07-21,0 days 15:14:00,Garden,Seeds,MAGNETS PACK OF 4 SWALLOWS
0.85,10.2,12,Germany,2011-03-22,0 days 15:42:00,Garden,Rakes,CHARLOTTE BAG PINK POLKADOT
8.5,68.0,8,Germany,2011-11-18,0 days 08:56:00,Garden,Hoses,WHITE ROCKING HORSE HAND PAINTED
1.25,15.0,12,Germany,2011-11-16,0 days 17:25:00,Kitchen,Cutlery,WRAP ALPHABET DESIGN
0.42,8.4,20,Germany,2011-10-20,0 days 12:53:00,Garden,Rakes,RABBIT NIGHT LIGHT
4.95,14.85,3,Germany,2011-10-13,0 days 14:59:00,Clothes,Hats,POSTAGE
1.45,17.4,12,Germany,2011-11-01,0 days 10:38:00,Clothes,Hats,DOORMAT BLACK FLOCK
2.08,24.96,12,Germany,2011-07-07,0 days 12:38:00,Clothes,Hats,GYMKHANA TREASURE BOOK BOX
1.65,19.8,12,Germany,2011-06-10,0 days 15:51:00,Garden,Rakes,SET OF 5 LUCKY CAT MAGNETS
1.0,24.0,24,Germany,2011-09-26,0 days 15:35:00,Clothes,Shoes,RED HEART SHAPE LOVE BUCKET
2.95,35.4,12,Germany,2011-04-14,0 days 13:59:00,Household,Chairs,BASKET OF TOADSTOOLS
2.95,23.6,8,Germany,2011-10-02,0 days 11:39:00,Garden,Rakes,SMALL POPCORN HOLDER
0.65,7.8,12,Germany,2011-05-22,0 days 14:03:00,Kitchen,Bowls,CARDHOLDER GINGHAM CHRISTMAS TREE
0.42,10.08,24,Germany,2011-07-17,0 days 10:53:00,Kitchen,Bowls,JUMBO STORAGE BAG SUKI
0.85,10.2,12,Germany,2011-02-11,0 days 14:57:00,Clothes,Tops,5 HOOK HANGER RED MAGIC TOADSTOOL
0.55,13.2,24,France,2011-06-01,0 days 14:26:00,Kitchen,Scales,PINK REGENCY TEACUP AND SAUCER
0.85,10.2,12,France,2011-03-11,0 days 10:45:00,Household,Lamps,WHITE HEART CONFETTI IN TUBE
1.25,30.0,24,France,2010-09-12,0 days 12:17:00,Household,Lamps,ALARM CLOCK BAKELIKE RED
0.42,10.08,24,France,2011-11-29,0 days 11:46:00,Kitchen,Cutlery,TRADITIONAL WOODEN SKIPPING ROPE
1.65,16.5,10,France,2011-03-14,0 days 11:38:00,Garden,Seeds,DOORMAT UNION FLAG
0.42,6.72,16,France,2011-09-14,0 days 14:19:00,Kitchen,Plates,UNION STRIPE WITH FRINGE  HAMMOCK
0.65,7.8,12,France,2011-03-25,0 days 10:19:00,Garden,Seeds,SPOTTY BUNTING
2.55,30.6,12,France,2011-06-13,0 days 11:41:00,Household,Lamps,MODERN FLORAL STATIONERY SET
1.25,15.0,12,France,2010-03-12,0 days 13:59:00,Kitchen,Cutlery,ASSORTED COLOUR MINI CASES
5.95,17.85,3,France,2011-03-25,0 days 10:19:00,Kitchen,Scales,RED SPOTTY BISCUIT TIN
1.25,30.0,24,France,2011-09-06,0 days 17:53:00,Garden,Seeds,SET OF 6 TEA TIME BAKING CASES
2.95,70.8,24,France,2011-11-29,0 days 15:23:00,Kitchen,Cutlery,DOLLY HONEYCOMB GARLAND
2.95,17.7,6,France,2011-10-11,0 days 13:34:00,Garden,Seeds,VINTAGE CHRISTMAS STOCKING
0.39,4.68,12,France,2011-11-30,0 days 15:43:00,Garden,Hoses,SQUARECUSHION COVER PINK UNION FLAG
2.55,7.65,3,France,2011-10-11,0 days 16:27:00,Garden,Hoses,WRAP ALPHABET DESIGN
2.95,53.1,18,France,2011-01-28,0 days 10:45:00,Household,Curtains,BLUE POLKADOT PLATE
2.1,12.6,6,France,2011-06-01,0 days 14:26:00,Clothes,Shoes,BLUE CHARLIE+LOLA PERSONAL DOORSIGN
1.65,1.65,1,France,2011-04-11,0 days 13:24:00,Clothes,Tops,MINI PAINT SET VINTAGE
1.25,12.5,10,France,2011-07-29,0 days 13:28:00,Household,Curtains,"SET 3 RETROSPOT TEA,COFFEE,SUGAR"
0.83,6.64,8,France,2011-09-30,0 days 13:06:00,Household,Chairs,REGENCY MILK JUG PINK
3.75,15.0,4,France,2011-04-03,0 days 09:08:00,Garden,Seeds,CARD CIRCUS PARADE
2.1,63.0,30,France,2011-03-05,0 days 09:33:00,Garden,Hoses,REGENCY SUGAR BOWL GREEN
1.25,30.0,24,France,2011-09-23,0 days 12:09:00,Clothes,Tops,JUMBO BAG SPACEBOY DESIGN
3.25,19.5,6,France,2011-11-28,0 days 15:47:00,Garden,Hoses,SET 8 CANDLES VINTAGE DOILY
3.25,19.5,6,France,2011-02-18,0 days 10:53:00,Garden,Hoses,REGENCY TEA PLATE PINK
1.95,15.6,8,France,2011-11-14,0 days 08:31:00,Kitchen,Scales,PAPER BUNTING WHITE LACE
1.25,30.0,24,France,2011-03-11,0 days 10:45:00,Kitchen,Coasters,RED LOVE HEART SHAPE CUP
1.25,15.0,12,France,2011-11-10,0 days 14:52:00,Household,Chairs,WRAP ENGLISH ROSE
0.42,10.5,25,France,2011-07-27,0 days 13:14:00,Household,Curtains,JUMBO SHOPPER VINTAGE RED PAISLEY
0.85,10.2,12,France,2011-04-02,0 days 11:45:00,Household,Rugs,HOMEMADE JAM SCENTED CANDLES
1.65,19.8,12,France,2011-10-01,0 days 13:22:00,Clothes,Hats,CORONA MEXICAN TRAY
4.95,14.85,3,France,2011-10-01,0 days 13:22:00,Garden,Turf,CUSHION COVER PINK UNION JACK
1.25,30.0,24,France,2011-11-30,0 days 15:43:00,Clothes,Tops,LUNCH BAG WOODLAND
4.95,19.8,4,France,2011-05-12,0 days 16:28:00,Kitchen,Plates,COWBOYS AND INDIANS BIRTHDAY CARD
0.85,8.5,10,France,2011-11-10,0 days 14:52:00,Clothes,Hats,GIRAFFE WOODEN RULER
1.25,15.0,12,France,2011-01-14,0 days 09:13:00,Kitchen,Cooking Knives,VINTAGE CHRISTMAS GIFT BAG LARGE
2.55,61.2,24,France,2011-09-15,0 days 10:53:00,Kitchen,Scales,FELTCRAFT PRINCESS CHARLOTTE DOLL
0.85,10.2,12,France,2011-08-06,0 days 10:10:00,Garden,Rakes,FAIRY TALE COTTAGE NIGHT LIGHT
0.42,10.5,25,France,2011-08-15,0 days 12:53:00,Household,Rugs,SET OF 5 PANCAKE DAY MAGNETS
1.95,15.6,8,France,2011-03-23,0 days 13:33:00,Garden,Turf,SET OF 4 KNICK KNACK TINS LEAVES
0.65,15.6,24,France,2011-10-05,0 days 12:55:00,Clothes,Shoes,HEN HOUSE W CHICK STANDING
1.25,15.0,12,France,2011-05-01,0 days 14:48:00,Kitchen,Coasters,PACK OF 12 CIRCUS PARADE TISSUES
2.1,2.1,1,France,2010-12-15,0 days 16:21:00,Kitchen,Coasters,YELLOW GIANT GARDEN THERMOMETER
1.95,15.6,8,France,2011-01-14,0 days 09:13:00,Garden,Hoses,BLUE POLKADOT PLATE
1.25,15.0,12,France,2011-03-28,0 days 10:15:00,Kitchen,Bowls,PINK BUTTERFLY CUSHION COVER
1.65,19.8,12,France,2011-02-23,0 days 16:44:00,Household,Lamps,BIRDS MOBILE VINTAGE DESIGN
2.95,44.25,15,France,2011-01-14,0 days 09:20:00,Clothes,Hats,DINOSAUR KEYRINGS ASSORTED
0.85,10.2,12,France,2011-10-05,0 days 12:55:00,Kitchen,Coasters,CHILDRENS CUTLERY SPACEBOY
1.95,15.6,8,France,2011-09-21,0 days 14:08:00,Household,Chairs,MILK PAN RED RETROSPOT
0.55,13.2,24,France,2011-08-11,0 days 12:45:00,Kitchen,Bowls,PLASTERS IN TIN WOODLAND ANIMALS
1.65,26.4,16,France,2011-02-09,0 days 13:15:00,Garden,Rakes,FAIRY CAKE BIRTHDAY CANDLE SET
1.45,17.4,12,France,2011-11-10,0 days 14:52:00,Household,Rugs,RECYCLED ACAPULCO MAT PINK
2.55,15.3,6,France,2011-09-23,0 days 12:09:00,Kitchen,Coasters,HOLIDAY FUN LUDO
0.42,10.08,24,France,2010-01-12,0 days 08:45:00,Garden,Rakes,ASSORTED COLOUR LIZARD SUCTION HOOK
1.65,16.5,10,France,2011-09-11,0 days 09:34:00,Clothes,Tops,"SET 3 RETROSPOT TEA,COFFEE,SUGAR"
4.95,39.6,8,France,2011-08-15,0 days 12:53:00,Kitchen,Cutlery,GREEN POLKADOT BOWL
1.65,13.2,8,France,2011-03-20,0 days 15:58:00,Garden,Seeds,RED RETROSPOT CHILDRENS UMBRELLA
0.85,10.2,12,France,2011-06-01,0 days 16:12:00,Clothes,Shoes,PACK OF 60 SPACEBOY CAKE CASES
8.25,16.5,2,France,2011-11-10,0 days 14:52:00,Kitchen,Bowls,ROUND SNACK BOXES SET OF4 WOODLAND
3.75,15.0,4,France,2011-11-07,0 days 11:39:00,Garden,Hoses,12 PENCILS TALL TUBE SKULLS
1.65,19.8,12,France,2011-01-14,0 days 10:42:00,Garden,Turf,RED RETROSPOT CAKE STAND
1.65,9.9,6,France,2011-07-01,0 days 13:13:00,Garden,Hoses,ICE CREAM SUNDAE LIP GLOSS
2.08,12.48,6,France,2011-11-10,0 days 14:52:00,Household,Rugs,PINK PARTY BAGS
1.65,19.8,12,France,2011-05-06,0 days 13:13:00,Clothes,Hats,LARGE HEART MEASURING SPOONS
0.42,10.5,25,France,2011-09-29,0 days 10:23:00,Kitchen,Cooking Knives,MINI PAINT SET VINTAGE
4.15,16.6,4,France,2011-05-31,0 days 13:32:00,Kitchen,Plates,PACK OF 72 SKULL CAKE CASES
0.65,7.8,12,France,2011-01-20,0 days 10:48:00,Kitchen,Scales,SMALL HEART MEASURING SPOONS
1.25,30.0,24,France,2011-01-03,0 days 12:26:00,Garden,Seeds,CLASSIC FRENCH STYLE BASKET NATURAL
0.42,5.04,12,France,2011-08-05,0 days 16:10:00,Garden,Hoses,CHILDRENS APRON SPACEBOY DESIGN
1.25,10.0,8,France,2011-11-10,0 days 14:52:00,Clothes,Tops,CHARLOTTE BAG PINK POLKADOT
4.95,44.55,9,France,2011-08-11,0 days 12:45:00,Garden,Seeds,RED RETROSPOT CHARLOTTE BAG
0.39,9.36,24,France,2011-07-18,0 days 14:10:00,Garden,Hoses,WATERING CAN GREEN DINOSAUR
0.85,17.0,20,France,2011-01-19,0 days 11:51:00,Household,Lamps,LUNCH BAG SPACEBOY DESIGN
1.25,2.5,2,France,2011-10-11,0 days 16:27:00,Kitchen,Coasters,MEASURING TAPE BABUSHKA BLUE
0.42,10.5,25,France,2011-09-02,0 days 10:11:00,Garden,Turf,POSTAGE
0.85,20.4,24,France,2011-01-14,0 days 10:42:00,Kitchen,Cooking Knives,LUNCH BAG SPACEBOY DESIGN
8.25,8.25,1,France,2011-04-11,0 days 13:24:00,Household,Chairs,BLUE 3 PIECE POLKADOT CUTLERY SET
2.25,18.0,8,France,2011-08-09,0 days 10:35:00,Clothes,Shoes,"SET 3 RETROSPOT TEA,COFFEE,SUGAR"
2.08,24.96,12,France,2011-05-16,0 days 09:10:00,Kitchen,Scales,ROUND SNACK BOXES SET OF4 WOODLAND
0.83,9.96,12,France,2011-10-30,0 days 15:44:00,Clothes,Tops,APPLE BATH SPONGE
2.95,17.7,6,France,2011-05-22,0 days 13:01:00,Garden,Rakes,RECYCLED ACAPULCO MAT GREEN
1.25,30.0,24,France,2011-06-15,0 days 12:34:00,Clothes,Tops,RED RETROSPOT CUP
1.25,15.0,12,France,2011-03-13,0 days 14:55:00,Household,Lamps,36 PENCILS TUBE WOODLAND
0.85,10.2,12,France,2011-03-03,0 days 12:06:00,Garden,Turf,PACK OF 60 MUSHROOM CAKE CASES
3.25,19.5,6,France,2011-11-11,0 days 10:19:00,Clothes,Tops,RETROSPOT HEART HOT WATER BOTTLE
2.08,20.8,10,France,2011-05-25,0 days 12:44:00,Household,Lamps,BLUE POLKADOT CUP
1.65,39.6,24,France,2011-01-02,0 days 14:58:00,Clothes,Hats,RED RETROSPOT BOWL
1.65,16.5,10,France,2011-05-17,0 days 09:28:00,Garden,Rakes,JUMBO BAG ALPHABET
1.25,30.0,24,France,2011-11-11,0 days 10:19:00,Garden,Rakes,BROWN CHECK CAT DOORSTOP
0.65,14.3,22,France,2011-07-11,0 days 16:31:00,Garden,Seeds,GLASS JAR DIGESTIVE BISCUITS
4.15,24.9,6,France,2011-08-23,0 days 14:23:00,Garden,Seeds,JUMBO BAG DOILEY PATTERNS
2.95,35.4,12,France,2011-01-14,0 days 09:13:00,Household,Chairs,ROSES REGENCY TEACUP AND SAUCER
4.15,16.6,4,France,2011-11-17,0 days 11:02:00,Garden,Seeds,ANTIQUE SILVER TEA GLASS ENGRAVED
4.95,19.8,4,France,2011-05-10,0 days 09:57:00,Kitchen,Cooking Knives,RETRO MOD TRAY
4.95,39.6,8,France,2011-03-11,0 days 10:45:00,Garden,Turf,JUMBO BAG DOLLY GIRL DESIGN
0.42,10.08,24,France,2011-10-05,0 days 12:55:00,Garden,Turf,RED RETROSPOT PUDDING BOWL
2.1,25.2,12,France,2011-05-27,0 days 13:49:00,Garden,Rakes,PACK OF 20 SPACEBOY NAPKINS
4.15,16.6,4,France,2011-09-12,0 days 12:50:00,Garden,Hoses,DOTCOM POSTAGE
0.85,8.5,10,France,2011-01-19,0 days 11:51:00,Kitchen,Coasters,WRAP ENGLISH ROSE
0.85,20.4,24,France,2011-06-01,0 days 16:12:00,Clothes,Shoes,WOOD STAMP SET THANK YOU
1.25,15.0,12,France,2011-12-10,0 days 11:22:00,Garden,Hoses,GREEN POLKADOT BOWL
4.95,14.85,3,France,2011-11-29,0 days 11:46:00,Garden,Seeds,TOY TIDY SPACEBOY
4.15,33.2,8,France,2011-07-09,0 days 13:22:00,Kitchen,Bowls,RED RETROSPOT CHILDRENS UMBRELLA
2.1,12.6,6,France,2011-03-11,0 days 09:43:00,Garden,Hoses,PACK OF 60 SPACEBOY CAKE CASES
2.95,17.7,6,France,2011-02-15,0 days 14:17:00,Clothes,Shoes,ROUND SNACK BOXES SET OF4 WOODLAND
1.25,20.0,16,France,2011-08-09,0 days 10:32:00,Kitchen,Cutlery,RED RETROSPOT CAKE STAND
2.1,25.2,12,France,2011-01-31,0 days 09:57:00,Kitchen,Coasters,ICE CREAM SUNDAE LIP GLOSS
0.85,20.4,24,France,2011-03-05,0 days 09:33:00,Kitchen,Cooking Knives,PINK PARTY BAGS
0.42,5.04,12,France,2011-09-09,0 days 10:51:00,Clothes,Hats,MINI PAINT SET VINTAGE
1.65,4.95,3,France,2011-03-21,0 days 12:42:00,Kitchen,Coasters,RED RETROSPOT OVEN GLOVE
0.85,8.5,10,France,2011-09-23,0 days 12:09:00,Kitchen,Cutlery,SMALL HEART MEASURING SPOONS
4.15,33.2,8,France,2011-06-13,0 days 11:33:00,Kitchen,Cooking Knives,CHILDRENS APRON SPACEBOY DESIGN
5.95,35.7,6,France,2011-01-11,0 days 13:56:00,Garden,Hoses,CHARLOTTE BAG PINK POLKADOT
1.25,30.0,24,France,2011-03-23,0 days 12:06:00,Garden,Seeds,RED RETROSPOT CHARLOTTE BAG
4.95,14.85,3,France,2011-03-21,0 days 12:42:00,Clothes,Hats,WATERING CAN GREEN DINOSAUR
0.82,8.2,10,France,2011-09-21,0 days 10:40:00,Garden,Rakes,LUNCH BAG SPACEBOY DESIGN
0.12,0.36,3,France,2011-04-11,0 days 13:15:00,Garden,Seeds,MEASURING TAPE BABUSHKA BLUE
8.5,17.0,2,France,2011-03-11,0 days 13:24:00,Kitchen,Scales,SET/2 RED RETROSPOT TEA TOWELS
0.83,9.96,12,France,2011-10-11,0 days 13:34:00,Household,Curtains,MIRRORED WALL ART POPPIES
0.42,0.42,1,France,2011-03-21,0 days 12:42:00,Garden,Turf,LUNCH BAG SPACEBOY DESIGN
1.65,16.5,10,France,2011-03-28,0 days 10:15:00,Clothes,Tops,"SET 3 RETROSPOT TEA,COFFEE,SUGAR"
8.95,44.75,5,France,2011-01-28,0 days 13:37:00,Household,Lamps,ROUND SNACK BOXES SET OF4 WOODLAND
2.55,15.3,6,France,2011-04-04,0 days 11:18:00,Kitchen,Bowls,RECYCLED ACAPULCO MAT GREEN
1.65,49.5,30,France,2011-11-16,0 days 11:59:00,Household,Rugs,RED RETROSPOT CUP
0.42,5.04,12,France,2011-05-01,0 days 12:42:00,Household,Rugs,PACK OF 60 MUSHROOM CAKE CASES
1.25,12.5,10,France,2011-08-21,0 days 14:42:00,Clothes,Hats,RETROSPOT HEART HOT WATER BOTTLE
1.25,10.0,8,France,2011-04-08,0 days 10:04:00,Household,Curtains,RED RETROSPOT BOWL
0.39,4.68,12,France,2011-11-09,0 days 12:27:00,Garden,Rakes,JUMBO BAG ALPHABET
2.1,25.2,12,France,2011-01-20,0 days 10:47:00,Garden,Seeds,HOMEMADE JAM SCENTED CANDLES
2.55,30.6,12,France,2011-01-31,0 days 09:57:00,Clothes,Tops,BROWN CHECK CAT DOORSTOP
1.25,10.0,8,France,2011-12-07,0 days 09:54:00,Kitchen,Cutlery,GLASS JAR DIGESTIVE BISCUITS
0.85,20.4,24,France,2011-03-31,0 days 13:40:00,Clothes,Hats,JUMBO BAG DOILEY PATTERNS
2.55,30.6,12,France,2011-05-18,0 days 10:34:00,Garden,Rakes,ROSES REGENCY TEACUP AND SAUCER
1.25,1.25,1,France,2010-12-15,0 days 16:21:00,Kitchen,Cutlery,ANTIQUE SILVER TEA GLASS ENGRAVED
1.65,16.5,10,France,2011-11-30,0 days 14:16:00,Household,Lamps,RETRO MOD TRAY
7.95,15.9,2,France,2011-11-05,0 days 13:20:00,Clothes,Hats,JUMBO BAG DOLLY GIRL DESIGN
2.08,20.8,10,France,2011-09-21,0 days 12:26:00,Household,Curtains,RED RETROSPOT PUDDING BOWL
0.85,17.0,20,France,2011-06-15,0 days 09:01:00,Kitchen,Coasters,PACK OF 20 SPACEBOY NAPKINS
1.25,2.5,2,France,2011-05-10,0 days 15:52:00,Kitchen,Coasters,DOTCOM POSTAGE
1.65,19.8,12,France,2011-08-26,0 days 15:44:00,Household,Chairs,WRAP ENGLISH ROSE
2.08,20.8,10,France,2011-05-31,0 days 13:32:00,Kitchen,Cutlery,WOOD STAMP SET THANK YOU
1.25,15.0,12,France,2011-05-01,0 days 14:48:00,Kitchen,Scales,GREEN POLKADOT BOWL
0.21,5.04,24,France,2011-06-12,0 days 16:34:00,Garden,Rakes,RED RETROSPOT CHILDRENS UMBRELLA
1.65,19.8,12,France,2010-09-12,0 days 14:49:00,Clothes,Tops,PACK OF 60 SPACEBOY CAKE CASES
0.85,10.2,12,France,2010-09-12,0 days 14:49:00,Household,Lamps,ROUND SNACK BOXES SET OF4 WOODLAND
6.75,13.5,2,France,2011-11-24,0 days 15:01:00,Garden,Rakes,12 PENCILS TALL TUBE SKULLS
1.25,10.0,8,France,2011-11-30,0 days 15:43:00,Household,Curtains,RED RETROSPOT CAKE STAND
2.08,20.8,10,France,2011-11-17,0 days 11:34:00,Garden,Rakes,ICE CREAM SUNDAE LIP GLOSS
6.75,67.5,10,France,2011-07-18,0 days 14:10:00,Household,Rugs,PINK PARTY BAGS
3.75,15.0,4,France,2011-03-28,0 days 10:15:00,Clothes,Hats,LARGE HEART MEASURING SPOONS
0.65,15.6,24,France,2011-11-03,0 days 12:00:00,Kitchen,Plates,MINI PAINT SET VINTAGE
4.15,16.6,4,France,2011-05-12,0 days 16:28:00,Household,Chairs,GYMKHANA TREASURE BOOK BOX
0.65,7.8,12,France,2011-02-18,0 days 10:53:00,Garden,Hoses,RED HEART SHAPE LOVE BUCKET
4.15,16.6,4,France,2011-05-19,0 days 12:29:00,Household,Lamps,JUNGLE POPSICLES ICE LOLLY MOULDS
3.25,19.5,6,France,2011-07-29,0 days 13:28:00,Clothes,Tops,BASKET OF TOADSTOOLS
0.42,10.5,25,France,2011-07-29,0 days 13:28:00,Clothes,Hats,CARDHOLDER GINGHAM CHRISTMAS TREE
0.42,5.04,12,France,2011-11-05,0 days 15:07:00,Household,Chairs,JUMBO STORAGE BAG SUKI
0.42,8.4,20,France,2011-02-12,0 days 10:47:00,Clothes,Hats,PINK REGENCY TEACUP AND SAUCER
1.95,46.8,24,France,2011-06-15,0 days 14:14:00,Household,Lamps,WHITE HEART CONFETTI IN TUBE
1.95,19.5,10,France,2011-09-02,0 days 10:11:00,Garden,Hoses,ALARM CLOCK BAKELIKE RED
3.75,30.0,8,France,2011-09-09,0 days 11:48:00,Garden,Seeds,LUNCH BAG SUKI  DESIGN
1.65,19.8,12,France,2011-03-28,0 days 10:15:00,Clothes,Tops,TRADITIONAL WOODEN SKIPPING ROPE
2.55,15.3,6,France,2011-05-06,0 days 13:13:00,Clothes,Shoes,DOORMAT UNION FLAG
1.65,19.8,12,France,2011-08-25,0 days 13:12:00,Clothes,Shoes,UNION STRIPE WITH FRINGE  HAMMOCK
0.85,17.0,20,France,2011-03-05,0 days 08:40:00,Clothes,Hats,SPOTTY BUNTING
2.95,17.7,6,France,2011-05-06,0 days 15:29:00,Kitchen,Cooking Knives,MODERN FLORAL STATIONERY SET
3.75,15.0,4,France,2011-04-20,0 days 09:20:00,Clothes,Tops,ASSORTED COLOUR MINI CASES
2.95,17.7,6,France,2011-12-01,0 days 15:00:00,Kitchen,Plates,RED SPOTTY BISCUIT TIN
0.42,5.04,12,France,2011-08-25,0 days 15:04:00,Garden,Rakes,SET OF 6 TEA TIME BAKING CASES
0.39,4.68,12,France,2011-06-12,0 days 16:34:00,Garden,Turf,VINTAGE CHRISTMAS STOCKING
2.95,17.7,6,Australia,2011-07-24,0 days 12:05:00,Household,Lamps,WRAP ALPHABET DESIGN
1.65,39.6,24,Australia,2011-09-28,0 days 14:55:00,Garden,Seeds,BLUE POLKADOT PLATE
1.65,16.5,10,Australia,2011-11-01,0 days 09:47:00,Garden,Rakes,FAIRY TALE COTTAGE NIGHT LIGHT
6.75,67.5,10,Australia,2011-05-23,0 days 09:14:00,Kitchen,Plates,STORAGE TIN VINTAGE DOILY
7.95,15.9,2,Australia,2011-09-16,0 days 12:38:00,Garden,Rakes,"SET 3 RETROSPOT TEA,COFFEE,SUGAR"
4.95,14.85,3,Australia,2011-09-16,0 days 12:38:00,Clothes,Shoes,REGENCY MILK JUG PINK
7.95,15.9,2,Australia,2011-03-24,0 days 13:05:00,Household,Lamps,REGENCY SUGAR BOWL GREEN
1.65,19.8,12,Australia,2011-09-16,0 days 12:38:00,Kitchen,Plates,CHILDRENS APRON SPACEBOY DESIGN
2.55,30.6,12,Australia,2011-07-14,0 days 13:28:00,Clothes,Tops,CHARLOTTE BAG PINK POLKADOT
6.75,27.0,4,Australia,2011-02-27,0 days 14:43:00,Household,Rugs,RED RETROSPOT CHARLOTTE BAG
2.89,52.02,18,Australia,2011-09-25,0 days 11:30:00,Clothes,Hats,MIRRORED WALL ART POPPIES
3.25,13.0,4,Australia,2011-07-19,0 days 10:42:00,Kitchen,Bowls,BLUE 3 PIECE POLKADOT CUTLERY SET
4.15,16.6,4,Australia,2011-07-19,0 days 10:42:00,Household,Chairs,ROUND SNACK BOXES SET OF4 WOODLAND
2.08,41.6,20,Australia,2011-06-10,0 days 09:31:00,Household,Rugs,APPLE BATH SPONGE
2.95,53.1,18,Australia,2011-07-02,0 days 15:10:00,Garden,Hoses,36 PENCILS TUBE WOODLAND
2.08,20.8,10,Australia,2011-06-10,0 days 09:32:00,Garden,Seeds,RED RETROSPOT BOWL
5.95,47.6,8,Australia,2011-03-24,0 days 13:05:00,Kitchen,Cutlery,GLASS JAR DIGESTIVE BISCUITS
1.65,16.5,10,Australia,2011-12-08,0 days 14:19:00,Kitchen,Cutlery,JUMBO BAG DOILEY PATTERNS
1.95,23.4,12,Australia,2011-09-28,0 days 15:41:00,Clothes,Tops,RED RETROSPOT PUDDING BOWL
2.95,11.8,4,Hong Kong,2011-05-13,0 days 14:09:00,Clothes,Shoes,PACK OF 60 SPACEBOY CAKE CASES
2.95,11.8,4,Hong Kong,2011-05-13,0 days 14:09:00,Household,Rugs,ROUND SNACK BOXES SET OF4 WOODLAND
1.95,11.7,6,Hong Kong,2011-05-13,0 days 14:09:00,Household,Rugs,12 PENCILS TALL TUBE SKULLS
5.95,17.85,3,Hong Kong,2011-05-13,0 days 14:09:00,Garden,Rakes,RED RETROSPOT CAKE STAND
3.75,45.0,12,Hong Kong,2011-12-04,0 days 09:28:00,Household,Lamps,LARGE HEART MEASURING SPOONS
3.75,15.0,4,Hong Kong,2011-10-18,0 days 12:17:00,Household,Curtains,RED RETROSPOT OVEN GLOVE
4.95,14.85,3,Hong Kong,2011-10-18,0 days 12:17:00,Kitchen,Bowls,PACK OF 72 SKULL CAKE CASES
8.25,66.0,8,Hong Kong,2011-08-23,0 days 09:38:00,Kitchen,Cooking Knives,SMALL HEART MEASURING SPOONS
3.75,15.0,4,Hong Kong,2011-10-18,0 days 12:17:00,Garden,Hoses,CLASSIC FRENCH STYLE BASKET NATURAL
0.42,10.08,24,Hong Kong,2011-10-18,0 days 12:17:00,Clothes,Hats,CHILDRENS APRON SPACEBOY DESIGN
4.95,39.6,8,Hong Kong,2011-08-23,0 days 09:38:00,Clothes,Hats,CHARLOTTE BAG PINK POLKADOT
1.25,20.0,16,Hong Kong,2011-08-23,0 days 09:38:00,Household,Rugs,RED RETROSPOT CHARLOTTE BAG
2.1,52.5,25,Hong Kong,2011-01-24,0 days 14:24:00,Clothes,Tops,WATERING CAN GREEN DINOSAUR
3.25,19.5,6,Hong Kong,2011-01-24,0 days 14:24:00,Garden,Turf,LUNCH BAG SPACEBOY DESIGN
0.55,13.2,24,Hong Kong,2011-05-13,0 days 14:09:00,Clothes,Shoes,MEASURING TAPE BABUSHKA BLUE
0.85,10.2,12,Hong Kong,2011-08-23,0 days 09:38:00,Garden,Turf,SET/2 RED RETROSPOT TEA TOWELS
1.25,30.0,24,Hong Kong,2011-10-18,0 days 12:17:00,Household,Lamps,LUNCH BAG SPACEBOY DESIGN
2.1,12.6,6,Hong Kong,2011-05-13,0 days 14:09:00,Household,Curtains,BLUE 3 PIECE POLKADOT CUTLERY SET
1.65,19.8,12,Hong Kong,2011-08-23,0 days 09:38:00,Garden,Hoses,"SET 3 RETROSPOT TEA,COFFEE,SUGAR"
1.25,12.5,10,Hong Kong,2011-08-23,0 days 09:38:00,Household,Curtains,RECYCLED ACAPULCO MAT GREEN
0.55,13.2,24,Hong Kong,2011-05-13,0 days 14:09:00,Garden,Hoses,RED RETROSPOT CUP
0.85,10.2,12,Hong Kong,2011-05-13,0 days 14:09:00,Kitchen,Scales,36 PENCILS TUBE WOODLAND
3.95,31.6,8,Hong Kong,2011-05-13,0 days 14:09:00,Garden,Rakes,PACK OF 60 MUSHROOM CAKE CASES
1.95,15.6,8,Hong Kong,2011-12-04,0 days 09:28:00,Clothes,Shoes,RETROSPOT HEART HOT WATER BOTTLE
0.85,8.5,10,Hong Kong,2011-05-13,0 days 14:09:00,Kitchen,Coasters,BLUE POLKADOT CUP
0.85,8.5,10,Hong Kong,2011-05-13,0 days 14:09:00,Clothes,Hats,RED RETROSPOT BOWL
1.95,11.7,6,Hong Kong,2011-10-18,0 days 12:17:00,Clothes,Shoes,JUMBO BAG ALPHABET
1.65,16.5,10,Hong Kong,2011-05-13,0 days 14:09:00,Kitchen,Bowls,HOMEMADE JAM SCENTED CANDLES
2.95,53.1,18,Hong Kong,2011-08-23,0 days 09:38:00,Household,Lamps,BROWN CHECK CAT DOORSTOP
3.25,19.5,6,Hong Kong,2011-05-13,0 days 14:09:00,Household,Rugs,JUMBO BAG DOILEY PATTERNS
2.55,15.3,6,Hong Kong,2011-05-13,0 days 14:09:00,Garden,Seeds,ROSES REGENCY TEACUP AND SAUCER
4.95,19.8,4,Hong Kong,2011-01-24,0 days 14:24:00,Clothes,Tops,JUMBO BAG DOLLY GIRL DESIGN
1.25,12.5,10,Hong Kong,2011-12-04,0 days 09:28:00,Garden,Hoses,PACK OF 20 SPACEBOY NAPKINS
8.25,66.0,8,Hong Kong,2011-08-23,0 days 09:38:00,Garden,Hoses,DOTCOM POSTAGE
0.85,27.2,32,Hong Kong,2011-05-13,0 days 14:09:00,Household,Curtains,WRAP ENGLISH ROSE
1.25,20.0,16,Hong Kong,2011-08-23,0 days 09:38:00,Clothes,Tops,WOOD STAMP SET THANK YOU
0.55,13.2,24,Hong Kong,2011-05-13,0 days 14:09:00,Garden,Hoses,GREEN POLKADOT BOWL
4.95,29.7,6,Hong Kong,2011-08-23,0 days 09:38:00,Garden,Rakes,TOY TIDY SPACEBOY
0.85,27.2,32,Hong Kong,2011-05-13,0 days 14:09:00,Kitchen,Cooking Knives,RED RETROSPOT CHILDRENS UMBRELLA
1.25,20.0,16,Hong Kong,2011-08-23,0 days 09:38:00,Clothes,Tops,PACK OF 60 SPACEBOY CAK
